"id","domain","scenario","expected","evidence","priority","scope_class","current_scenario","current_expected","primary_br","br_ids","bn_ids","policy_refs","original_top_level_mapping","scope_reason","execution_status","source_ref"
"T001","ORG","新员工加入设计部","仍不能访问部门内其他私有项目","API角色/列表+直链","P0","KEEP_CORE","新员工加入设计部","仍不能访问部门内其他私有项目","BR-PRO-01","BR-PRO-01;BR-OWN-01;BR-AST-02","B02;B15;B24;N29","","GAP_FILLED","保留部门成员不继承他人私有项目的边界，不依赖 N28 首页。","NOT_RUN","SRC-PACK:03-DELIVERY/ACCEPTANCE-TEST-MATRIX.csv;SRC-SCOPE-APPENDIX"
"T002","ORG","部门成员离职/禁用","失去全部门发布复用的新请求资格","会话失效/API/媒体","P0","KEEP_CORE","部门成员离职/禁用","失去全部门发布复用的新请求资格","BR-OWN-01","BR-OWN-01;BR-PRO-01;BR-DER-01","B02;B15;B24;N29","","GAP_FILLED","保留账户禁用/离职后的新请求撤销，不属于 N36 上手/评价产品。","NOT_RUN","SRC-PACK:03-DELIVERY/ACCEPTANCE-TEST-MATRIX.csv;SRC-SCOPE-APPENDIX"
"T003","ORG","员工从设计部转至电商部","不再以原设计部成员授权访问/派生","成员历史/缓存/API","P0","KEEP_CORE","员工从设计部转至电商部","不再以原设计部成员授权访问/派生","BR-OWN-01","BR-OWN-01;BR-PRO-01;BR-DER-01","B02;B15;B24;N29","","GAP_FILLED","保留发生时部门历史与当前权限分离。","NOT_RUN","SRC-PACK:03-DELIVERY/ACCEPTANCE-TEST-MATRIX.csv;SRC-SCOPE-APPENDIX"
"T004","ORG","同一人员更新角色但项目不变","系统角色和项目成员权独立、权限版本生效","roles/ACL/403","P0","KEEP_CORE","同一人员更新角色但项目不变","系统角色和项目成员权独立、权限版本生效","BR-PRO-01","BR-PRO-01;BR-OWN-01;BR-AST-02","B02;B15;B24;N29","","GAP_FILLED","系统角色与业务范围角色分开，不能新增全局业务管理员捷径。","NOT_RUN","SRC-PACK:03-DELIVERY/ACCEPTANCE-TEST-MATRIX.csv;SRC-SCOPE-APPENDIX"
"T005","ORG","项目负责人被替换","旧负责人不保留默认新管理权、历史审计不变","成员变更和审计","P1","KEEP_CORE","项目负责人被替换","旧负责人不保留默认新管理权、历史审计不变","BR-PRO-01","BR-PRO-01;BR-OWN-01;BR-AST-02","B02;B15;B24;N29","","GAP_FILLED","负责人替换不改历史；任命权与具体治理操作仍需详细设计。","NOT_RUN","SRC-PACK:03-DELIVERY/ACCEPTANCE-TEST-MATRIX.csv;SRC-SCOPE-APPENDIX"
"T006","ORG","部门负责人尝试读员工私人GPT","缺少独立授权则拒绝","HTTP/WS/导出","P0","KEEP_CORE","部门负责人尝试读员工私人GPT","缺少独立授权则拒绝","BR-AST-02","BR-AST-02;BR-OWN-01;BR-PRO-01","B02;B15;B24;N29","","GAP_FILLED","保留员工私人 GPT；部门管理不自动授予读取权。","NOT_RUN","SRC-PACK:03-DELIVERY/ACCEPTANCE-TEST-MATRIX.csv;SRC-SCOPE-APPENDIX"
"T007","ORG","新部门被创建","不自动拥有旧 unowned 数据","旧库迁移/Owner","P0","KEEP_CORE","新部门被创建","不自动拥有旧 unowned 数据","BR-AST-02","BR-AST-02;BR-OWN-01;BR-PRO-01","B02;B15;B24;N29","","GAP_FILLED","新部门不得收编历史 unowned 数据。","NOT_RUN","SRC-PACK:03-DELIVERY/ACCEPTANCE-TEST-MATRIX.csv;SRC-SCOPE-APPENDIX"
"T008","ORG","多部门成员身份不明确","默认拒绝超范围内容，明确报错而不提升权限","组织权限检查","P0","KEEP_CORE","多部门成员身份不明确","默认拒绝超范围内容，明确报错而不提升权限","BR-AST-02","BR-AST-02;BR-OWN-01;BR-PRO-01","B02;B15;B24;N29","","GAP_FILLED","多部门归属不明时拒绝，不默认扩大权限。","NOT_RUN","SRC-PACK:03-DELIVERY/ACCEPTANCE-TEST-MATRIX.csv;SRC-SCOPE-APPENDIX"
"T009","PROJECT","新部门项目创建","默认 private","API+页面+新库","P0","KEEP_CORE","新部门项目创建","默认 private","BR-PRO-01","BR-PRO-01;BR-AST-02","B02;B15;N29;N30","","PRESERVED","N29 核心：部门业务项目默认私有。","NOT_RUN","SRC-PACK:03-DELIVERY/ACCEPTANCE-TEST-MATRIX.csv;SRC-SCOPE-APPENDIX"
"T010","PROJECT","设置 department_readonly","只有本部门有效非项目成员可看允许的项目内容","跨部门 A/B/部门成员","P0","KEEP_CORE","设置 department_readonly","只有本部门有效非项目成员可看允许的项目内容","BR-PRO-01","BR-PRO-01;BR-AST-02","B02;B15;N29;N30","","PRESERVED","N30 只读部分由 N29 承接；不是移出的展示区。","NOT_RUN","SRC-PACK:03-DELIVERY/ACCEPTANCE-TEST-MATRIX.csv;SRC-SCOPE-APPENDIX"
"T011","PROJECT","department_readonly 直接访问编辑API","403，不能写他人画布","PUT/POST/DELETE","P0","KEEP_CORE","department_readonly 直接访问编辑API","403，不能写他人画布","BR-PRO-01","BR-PRO-01;BR-AST-02","B02;B15;N29;N30","","PRESERVED","只读不授编辑；保留服务端写 API 验收。","NOT_RUN","SRC-PACK:03-DELIVERY/ACCEPTANCE-TEST-MATRIX.csv;SRC-SCOPE-APPENDIX"
"T012","PROJECT","department_readonly 通过节点或输入URL调用AI","不得继承 ai.execute","Comfy/RunningHub/online/generate","P0","KEEP_CORE","department_readonly 通过节点或输入URL调用AI","不得继承 ai.execute","BR-PRO-01","BR-PRO-01;BR-AST-02","B02;B15;N29;N30","","GAP_FILLED","只读不授 ai.execute，保留节点/输入 URL 的执行拒绝。","NOT_RUN","SRC-PACK:03-DELIVERY/ACCEPTANCE-TEST-MATRIX.csv;SRC-SCOPE-APPENDIX"
"T013","PROJECT","private 项目中的已发布 G0 源文件","本部门可派生该发布版本，但不能打开私有原项目","API/直链/导入","P0","REWORD_SUPPLEMENT","private 项目中已获许可且负责人确认发布的具体源版本","本部门有效成员可在许可内派生该版本，但不能打开私有原项目；不依赖未批准 G0","BR-AST-02","BR-AST-02;BR-PRO-01;BR-PUB-01;BR-DER-01","B02;B15;N29;N30","","PRESERVED","将 G0 改为“已获批准许可、确认发布的具体版本”；保留私有来源隔离。","NOT_RUN","SRC-PACK:03-DELIVERY/ACCEPTANCE-TEST-MATRIX.csv;SRC-SCOPE-APPENDIX"
"T014","PROJECT","department_readonly 切回 private","非项目成员的新访问被拒绝，旧缓存不旁路","HTTP/WS/cache","P0","KEEP_CORE","department_readonly 切回 private","非项目成员的新访问被拒绝，旧缓存不旁路","BR-PRO-01","BR-PRO-01;BR-AST-02","B02;B15;N29;N30","","PRESERVED","保留撤销后的新在线访问/缓存校验，不承诺抹除离线字节。","NOT_RUN","SRC-PACK:03-DELIVERY/ACCEPTANCE-TEST-MATRIX.csv;SRC-SCOPE-APPENDIX"
"T015","PROJECT","猜测其他部门项目ID","无授权无法枚举信息","列表/直链","P0","KEEP_CORE","猜测其他部门项目ID","无授权无法枚举信息","BR-PRO-01","BR-PRO-01;BR-AST-02","B02;B15;N29;N30","","GAP_FILLED","保留跨部门对象枚举拒绝。","NOT_RUN","SRC-PACK:03-DELIVERY/ACCEPTANCE-TEST-MATRIX.csv;SRC-SCOPE-APPENDIX"
"T016","PROJECT","迁移现有虚拟 default 项目","保持每用户 private，不变成全局共享","旧库升级","P0","KEEP_CORE","迁移现有虚拟 default 项目","保持每用户 private，不变成全局共享","BR-PRO-01","BR-PRO-01;BR-AST-02","B02;B15;N29;N30","","GAP_FILLED","已有 default 私人数据迁移保持原边界，不重建账号/项目。","NOT_RUN","SRC-PACK:03-DELIVERY/ACCEPTANCE-TEST-MATRIX.csv;SRC-SCOPE-APPENDIX"
"T017","WORK","创建工作任务与派人","成员只能查看获授权任务；记录负责人和规格版","业务API/审计","P1","KEEP_CORE","创建工作任务与派人","成员只能查看获授权任务；记录负责人和规格版","BR-WRK-01","BR-WRK-01","B14;B15;B16;N29","","PRESERVED","保留任务、规格版本、授权分派；具体角色/分派字段另批。","NOT_RUN","SRC-PACK:03-DELIVERY/ACCEPTANCE-TEST-MATRIX.csv;SRC-SCOPE-APPENDIX"
"T018","WORK","员工工作期间修改交付规格","生成新版规格并保留历史确认","任务版本/提交引用","P1","KEEP_CORE","员工工作期间修改交付规格","生成新版规格并保留历史确认","BR-WRK-01","BR-WRK-01","B14;B15;B16;N29","","GAP_FILLED","任务规格形成版本，不因移出 N33 品牌系统删除质量验收基础。","NOT_RUN","SRC-PACK:03-DELIVERY/ACCEPTANCE-TEST-MATRIX.csv;SRC-SCOPE-APPENDIX"
"T019","WORK","工作任务重新分配","历史创建人和费用发生时执行人不变","assignment日志/费用","P1","KEEP_CORE","工作任务重新分配","历史创建人和费用发生时执行人不变","BR-WRK-01","BR-WRK-01;BR-COST-01;BR-OWN-01","B14;B15;B16;N29","","PRESERVED","重派不改历史创作者、执行人及发生时费用归属。","NOT_RUN","SRC-PACK:03-DELIVERY/ACCEPTANCE-TEST-MATRIX.csv;SRC-SCOPE-APPENDIX"
"T020","WORK","业务任务多次AI调用","工作任务 1:N AIJob，不互相覆盖","关系查询","P1","KEEP_CORE","业务任务多次AI调用","工作任务 1:N AIJob，不互相覆盖","BR-WRK-01","BR-WRK-01;BR-AI-01","B14;B15;B16;N29","","PRESERVED","WorkItem 与 AIJob 分离，复用现有生成日志，不再造收费任务。","NOT_RUN","SRC-PACK:03-DELIVERY/ACCEPTANCE-TEST-MATRIX.csv;SRC-SCOPE-APPENDIX"
"T021","WORK","普通员工提交成果","只可选择自己有权提交的资源","API/资源路径","P0","KEEP_CORE","普通员工提交成果","只可选择自己有权提交的资源","BR-DEL-01","BR-DEL-01;BR-WRK-01;BR-AST-02","B14;B15;B16;N29","","GAP_FILLED","提交资源必须有合法提交权限，能看不代表能提交。","NOT_RUN","SRC-PACK:03-DELIVERY/ACCEPTANCE-TEST-MATRIX.csv;SRC-SCOPE-APPENDIX"
"T022","WORK","负责人查看员工未提交私人草稿","无独立权限默认拒绝","API/浏览器","P0","KEEP_CORE","负责人查看员工未提交私人草稿","无独立权限默认拒绝","BR-OWN-01","BR-OWN-01;BR-WRK-01;BR-AST-02","B14;B15;B16;N29","","PRESERVED","负责人只能验收提交范围，不能读未提交私人草稿。","NOT_RUN","SRC-PACK:03-DELIVERY/ACCEPTANCE-TEST-MATRIX.csv;SRC-SCOPE-APPENDIX"
"T023","WORK","同一提交请求重复抵达","一个提交包或明确幂等结果","并发故障测试","P1","KEEP_CORE","同一提交请求重复抵达","一个提交包或明确幂等结果","BR-WRK-01","BR-WRK-01;BR-DEL-01;BR-AST-01","B14;B15;B16;N29","","GAP_FILLED","提交幂等基础保留，不依赖独立配方审核产品。","NOT_RUN","SRC-PACK:03-DELIVERY/ACCEPTANCE-TEST-MATRIX.csv;SRC-SCOPE-APPENDIX"
"T024","WORK","验收人审核时员工又提交新版","审核固定 submission_id，不偷换","并发状态测试","P0","KEEP_CORE","验收人审核时员工又提交新版","审核固定 submission_id，不偷换","BR-WRK-01","BR-WRK-01;BR-DEL-01;BR-AST-01","B14;B15;B16;N29","","GAP_FILLED","验收绑定具体提交版本，不能偷换新提交。","NOT_RUN","SRC-PACK:03-DELIVERY/ACCEPTANCE-TEST-MATRIX.csv;SRC-SCOPE-APPENDIX"
"T025","DELIVERY","A类无成品","预检不通过","上传/清单验证","P1","REWORD_SUPPLEMENT","任务固定交付规格要求的成品缺失","预检/验收不通过；不采用未批准 A 类","BR-DEL-01","BR-DEL-01","B03;B17;N29;N34","","PRESERVED","去掉强制 A 类：任何规格要求的成品缺失均不通过。","NOT_RUN","SRC-PACK:03-DELIVERY/ACCEPTANCE-TEST-MATRIX.csv;SRC-SCOPE-APPENDIX"
"T026","DELIVERY","B类缺少规定可编辑源文件","预检/验收不通过","画布导入/文件验证","P1","REWORD_SUPPLEMENT","任务固定交付规格要求的可编辑源文件缺失","预检/验收不通过；不采用未批准 B 类","BR-DEL-01","BR-DEL-01","B03;B17;N29;N34","","PRESERVED","去掉强制 B 类：固定任务规格要求可编辑源文件时，缺失不通过。","NOT_RUN","SRC-PACK:03-DELIVERY/ACCEPTANCE-TEST-MATRIX.csv;SRC-SCOPE-APPENDIX"
"T027","DELIVERY","C类缺少必须工作流依赖","不能宣称满足R3/R4","工作流依赖沙盒","P1","REWORD_SUPPLEMENT","任务规格要求的工作流依赖缺失","不得宣称交付完整或可复用；不采用未批准 C 类/R3/R4","BR-DEL-01","BR-DEL-01","B03;B17;N29;N34","","PRESERVED","去掉未批准 C 类/R3/R4：要求的工作流依赖不完整时，不能宣称交付完整/可复用。","NOT_RUN","SRC-PACK:03-DELIVERY/ACCEPTANCE-TEST-MATRIX.csv;SRC-SCOPE-APPENDIX"
"T028","DELIVERY","员工提交后更改私人画布","已冻结提交快照原样可读","hash/JSON快照","P0","KEEP_CORE","员工提交后更改私人画布","已冻结提交快照原样可读","BR-AST-01","BR-AST-01;BR-DEL-01","B03;B17;N29;N34","","PRESERVED","冻结提交字节与私人画布后续编辑分离。","NOT_RUN","SRC-PACK:03-DELIVERY/ACCEPTANCE-TEST-MATRIX.csv;SRC-SCOPE-APPENDIX"
"T029","DELIVERY","提交文件已写入但DB写失败","保留恢复态，无假成功","故障注入","P0","KEEP_CORE","提交文件已写入但DB写失败","保留恢复态，无假成功","BR-DATA-01","BR-DATA-01;BR-DEL-01;BR-AST-01","B03;B17;N29;N34","","GAP_FILLED","SQLite/媒体跨存储失败进入恢复态，不假成功。","NOT_RUN","SRC-PACK:03-DELIVERY/ACCEPTANCE-TEST-MATRIX.csv;SRC-SCOPE-APPENDIX"
"T030","DELIVERY","DB记录已写入但媒体未持久化","不返回READY或已归档","断电/故障注入","P0","KEEP_CORE","DB记录已写入但媒体未持久化","不返回READY或已归档","BR-DATA-01","BR-DATA-01;BR-DEL-01;BR-AST-01","B03;B17;N29;N34","","GAP_FILLED","缺媒体不得 READY/归档；不是只跑数据库事务即可。","NOT_RUN","SRC-PACK:03-DELIVERY/ACCEPTANCE-TEST-MATRIX.csv;SRC-SCOPE-APPENDIX"
"T031","DELIVERY","视频/图像文件损坏","实际解码与hash校验拒绝验收","媒体fixture","P1","KEEP_CORE","视频/图像文件损坏","实际解码与hash校验拒绝验收","BR-DEL-01","BR-DEL-01","B03;B17;N29;N34","","GAP_FILLED","保留媒体解码/哈希完整性验收；不依赖品牌质量产品。","NOT_RUN","SRC-PACK:03-DELIVERY/ACCEPTANCE-TEST-MATRIX.csv;SRC-SCOPE-APPENDIX"
"T032","DELIVERY","B/C类中含API密钥","阻止或安全脱敏、不能发布机密字节","secret-fuzz/test","P0","REWORD_SUPPLEMENT","任意提交源文件/工作流包含 API 密钥或机密","阻止不安全交付；经批准的脱敏处理不能发布机密字节；不依赖 B/C 分类","BR-DEL-01","BR-DEL-01;BR-CLASS-01","B03;B17;N29;N34","","GAP_FILLED","去掉 B/C 枚举依赖，所有复用源文件/工作流都执行密钥/机密交付检查。","NOT_RUN","SRC-PACK:03-DELIVERY/ACCEPTANCE-TEST-MATRIX.csv;SRC-SCOPE-APPENDIX"
"T033","DELIVERY","B/C类含不可访问私人引用","不能从源文件中借机获取他人内容","跨用户资源测试","P0","REWORD_SUPPLEMENT","任意提交包含不可访问的私人引用","不能借源文件/工作流获取他人内容；提交/导入逐项授权","BR-AST-02","BR-AST-02;BR-DEL-01","B03;B17;N29;N34","","PRESERVED","去掉 B/C 枚举依赖，所有提交包都不能旁路读取私人来源。","NOT_RUN","SRC-PACK:03-DELIVERY/ACCEPTANCE-TEST-MATRIX.csv;SRC-SCOPE-APPENDIX"
"T034","DELIVERY","审核退回S1、通过S2","仅S2发布正式资产V1，S1留历史","业务版本状态","P1","REWORD_SUPPLEMENT","提交 S1 退回、S2 验收通过","S2 固定验收结果不自动发布；另经负责人确认才发布具体 V1，S1 留历史","BR-PUB-01","BR-PUB-01;BR-DEL-01;BR-AST-01","B03;B17;N29;N34","","PRESERVED","通过 S2 仅形成验收结果；另经负责人确认才发布 V1；S1 历史保留。","NOT_RUN","SRC-PACK:03-DELIVERY/ACCEPTANCE-TEST-MATRIX.csv;SRC-SCOPE-APPENDIX"
"T035","ASSET","正式资产V1被修订","产生V2，V1字节和ID均保留","hash/版本树","P0","KEEP_CORE","正式资产V1被修订","产生V2，V1字节和ID均保留","BR-AST-01","BR-AST-01","B03;B17;N34","","PRESERVED","正式 V1 不可覆盖，新工作/正式版本与原字节/ID分离。","NOT_RUN","SRC-PACK:03-DELIVERY/ACCEPTANCE-TEST-MATRIX.csv;SRC-SCOPE-APPENDIX"
"T036","ASSET","成果集六图仅改一张","新Bundle版本复用5个旧内容版本","manifest引用","P1","REWORD_SUPPLEMENT","成果集六图仅改一张","新 Bundle 清单固定引用五个未改版本，变更图独立版本化；不强制物理去重架构","BR-AST-01","BR-AST-01","B03;B17;N34","","GAP_FILLED","固定 Bundle 清单引用五个未改版本，独立版本化变更图；不强制特定物理去重架构。","NOT_RUN","SRC-PACK:03-DELIVERY/ACCEPTANCE-TEST-MATRIX.csv;SRC-SCOPE-APPENDIX"
"T037","ASSET","历史项目绑定资产V1，出现V2","历史项目引用仍是V1","资源/版本查询","P0","KEEP_CORE","历史项目绑定资产V1，出现V2","历史项目引用仍是V1","BR-AST-01","BR-AST-01","B03;B17;N34","","PRESERVED","历史引用绑定具体版本，不能自动漂移到最新版。","NOT_RUN","SRC-PACK:03-DELIVERY/ACCEPTANCE-TEST-MATRIX.csv;SRC-SCOPE-APPENDIX"
"T038","ASSET","员工删除私人生成历史","部门正式资产仍可用","物理字节/权限","P0","KEEP_CORE","员工删除私人生成历史","部门正式资产仍可用","BR-OWN-01","BR-OWN-01;BR-DATA-01;BR-AST-01","B03;B17;N34","","PRESERVED","私人历史删除不得删除仍被正式成果引用的素材。","NOT_RUN","SRC-PACK:03-DELIVERY/ACCEPTANCE-TEST-MATRIX.csv;SRC-SCOPE-APPENDIX"
"T039","ASSET","原员工账户离职","已批准正式资产持续可用","账户禁用后验收","P0","KEEP_CORE","原员工账户离职","已批准正式资产持续可用","BR-OWN-01","BR-OWN-01;BR-DATA-01;BR-AST-01","B03;B17;N34","","PRESERVED","正式业务资产与创作者账户禁用分离；权限仍校验。","NOT_RUN","SRC-PACK:03-DELIVERY/ACCEPTANCE-TEST-MATRIX.csv;SRC-SCOPE-APPENDIX"
"T040","ASSET","两个资产使用相同Blob","相同hash不导致交叉读取授权","跨部门API/GC","P0","KEEP_CORE","两个资产使用相同Blob","相同hash不导致交叉读取授权","BR-AST-02","BR-AST-02;BR-DATA-01","B03;B17;N34","","GAP_FILLED","内容哈希相同不等于授权相同。","NOT_RUN","SRC-PACK:03-DELIVERY/ACCEPTANCE-TEST-MATRIX.csv;SRC-SCOPE-APPENDIX"
"T041","ASSET","不明Owner/悬挂引用","默认拒绝/阻止物理清理","旧库+文件fixture","P0","KEEP_CORE","不明Owner/悬挂引用","默认拒绝/阻止物理清理","BR-DATA-01","BR-DATA-01;BR-AST-02","B03;B17;N34","","GAP_FILLED","归属/引用不明默认阻断物理清理，持久账本未齐不自动 GC。","NOT_RUN","SRC-PACK:03-DELIVERY/ACCEPTANCE-TEST-MATRIX.csv;SRC-SCOPE-APPENDIX"
"T042","PUBLISH","成果通过验收但负责人尚未确认发布","部门普通成员不能派生","API+界面","P0","KEEP_CORE","成果通过验收但负责人尚未确认发布","部门普通成员不能派生","BR-PUB-01","BR-PUB-01;BR-AST-02","B02;B15;B17;N29;N34","","PRESERVED","验收不等于发布，部门不得派生未发布版本。","NOT_RUN","SRC-PACK:03-DELIVERY/ACCEPTANCE-TEST-MATRIX.csv;SRC-SCOPE-APPENDIX"
"T043","PUBLISH","负责人确认发布G0具体版本","本部门有效成员可自主创建派生副本，不逐人批准","项目成员之外员工测试","P0","REWORD_SUPPLEMENT","负责人确认发布具体许可版本","本部门有效成员在许可内自主派生，不逐人批准；不依赖未批准 G0","BR-PUB-01","BR-PUB-01;BR-DER-01","B02;B15;B17;N29;N34","","PRESERVED","将 G0 改为“获准发布的具体许可版本”；保留一次负责人确认后本部门自主派生。","NOT_RUN","SRC-PACK:03-DELIVERY/ACCEPTANCE-TEST-MATRIX.csv;SRC-SCOPE-APPENDIX"
"T044","PUBLISH","重复发布同版本同范围","幂等或唯一约束，无重复开放记录","并发事务","P1","KEEP_CORE","重复发布同版本同范围","幂等或唯一约束，无重复开放记录","BR-PUB-01","BR-PUB-01;BR-AST-02","B02;B15;B17;N29;N34","","GAP_FILLED","同版本/范围重复发布幂等，避免多条开放授权。","NOT_RUN","SRC-PACK:03-DELIVERY/ACCEPTANCE-TEST-MATRIX.csv;SRC-SCOPE-APPENDIX"
"T045","PUBLISH","发布源版本V3后有V4","V4不自动继承发布资格","版本权限差异","P0","KEEP_CORE","发布源版本V3后有V4","V4不自动继承发布资格","BR-PUB-01","BR-PUB-01;BR-AST-01","B02;B15;B17;N29;N34","","GAP_FILLED","V4 必须单独确认发布，不能继承 V3 许可。","NOT_RUN","SRC-PACK:03-DELIVERY/ACCEPTANCE-TEST-MATRIX.csv;SRC-SCOPE-APPENDIX"
"T046","PUBLISH","项目 private 且仅某版本发布","不能获取项目其他画布/私人对话","IDOR/引用","P0","KEEP_CORE","项目 private 且仅某版本发布","不能获取项目其他画布/私人对话","BR-PUB-01","BR-PUB-01;BR-AST-02","B02;B15;B17;N29;N34","","PRESERVED","只开放发布版本，不开放其他画布/GPT/私人项目。","NOT_RUN","SRC-PACK:03-DELIVERY/ACCEPTANCE-TEST-MATRIX.csv;SRC-SCOPE-APPENDIX"
"T047","PUBLISH","对其他部门尝试访问","默认禁止，需额外许可","API/导出","P0","KEEP_CORE","对其他部门尝试访问","默认禁止，需额外许可","BR-PUB-01","BR-PUB-01;BR-AST-02","B02;B15;B17;N29;N34","","GAP_FILLED","跨部门默认禁止，获准的额外许可另校验。","NOT_RUN","SRC-PACK:03-DELIVERY/ACCEPTANCE-TEST-MATRIX.csv;SRC-SCOPE-APPENDIX"
"T048","PUBLISH","负责人无资产发布资格","即使前端绕过也被拒绝","权限Policy","P0","KEEP_CORE","负责人无资产发布资格","即使前端绕过也被拒绝","BR-PUB-01","BR-PUB-01;BR-AST-02","B02;B15;B17;N29;N34","","GAP_FILLED","发布资格服务端校验；部门负责人不自动有全局 admin。","NOT_RUN","SRC-PACK:03-DELIVERY/ACCEPTANCE-TEST-MATRIX.csv;SRC-SCOPE-APPENDIX"
"T049","CLASSIFY","G1尝试作为普通部门G0发布","分类策略未批准前阻断越权；实施后按已确认策略","分类Policy","P0","POLICY_PENDING","G1尝试作为普通部门G0发布","分类策略未批准前阻断越权；实施后按已确认策略","BR-CLASS-01","BR-CLASS-01;BR-AST-02","B02;B17;N34","DEC-013;DEC-015","PRESERVED","G1/G0 具体级数与降级政策待批；默认阻断未核准发布仍必留。","NOT_RUN","SRC-PACK:03-DELIVERY/ACCEPTANCE-TEST-MATRIX.csv;SRC-SCOPE-APPENDIX"
"T050","CLASSIFY","含G2来源的派生输出","不自动失去许可/保密限制","来源图/分类","P0","POLICY_PENDING","含G2来源的派生输出","不自动失去许可/保密限制","BR-CLASS-01","BR-CLASS-01;BR-AST-02","B02;B17;N34","DEC-013;DEC-015","PRESERVED","G2 枚举待批，但受限来源许可/保密继承的安全原则保留。","NOT_RUN","SRC-PACK:03-DELIVERY/ACCEPTANCE-TEST-MATRIX.csv;SRC-SCOPE-APPENDIX"
"T051","CLASSIFY","要求保密降级的用户无治理权限","拒绝并审计","capability测试","P0","POLICY_PENDING","要求保密降级的用户无治理权限","拒绝并审计","BR-CLASS-01","BR-CLASS-01;BR-AST-02","B02;B17;N34","DEC-013;DEC-015","PRESERVED","具体降级治理权待批；没有已授权规则不得降级，拒绝和审计保留。","NOT_RUN","SRC-PACK:03-DELIVERY/ACCEPTANCE-TEST-MATRIX.csv;SRC-SCOPE-APPENDIX"
"T052","CLASSIFY","发布内容含客户或外部禁止用途素材","阻断/进入专项审核","许可fixture","P0","KEEP_CORE","发布内容含客户或外部禁止用途素材","阻断/进入专项审核","BR-CLASS-01","BR-CLASS-01;BR-AST-02","B02;B17;N34","","GAP_FILLED","外部用途许可仍属资产契约，不属于被移出的品牌系统。","NOT_RUN","SRC-PACK:03-DELIVERY/ACCEPTANCE-TEST-MATRIX.csv;SRC-SCOPE-APPENDIX"
"T053","DERIVE","本部门成员派生已发布V3","生成独立工作副本，原V3不变","画布hash/owner","P0","KEEP_CORE","本部门成员派生已发布V3","生成独立工作副本，原V3不变","BR-DER-01","BR-DER-01;BR-AST-01;BR-AST-02","B02;B16;B17;N34","","PRESERVED","新独立工作版本，Owner/来源绑定，原正式版不变。","NOT_RUN","SRC-PACK:03-DELIVERY/ACCEPTANCE-TEST-MATRIX.csv;SRC-SCOPE-APPENDIX"
"T054","DERIVE","同部门两人并发派生同源V3","副本独立，原版不被覆盖","并发创建测试","P0","KEEP_CORE","同部门两人并发派生同源V3","副本独立，原版不被覆盖","BR-DER-01","BR-DER-01;BR-AST-01;BR-AST-02","B02;B16;B17;N34","","PRESERVED","并发派生副本互不覆盖，不自动变成多人共享编辑产品。","NOT_RUN","SRC-PACK:03-DELIVERY/ACCEPTANCE-TEST-MATRIX.csv;SRC-SCOPE-APPENDIX"
"T055","DERIVE","派生操作未触发生成按钮","无付费Provider调用","mock provider","P0","KEEP_CORE","派生操作未触发生成按钮","无付费Provider调用","BR-DER-01","BR-DER-01;BR-COST-01","B02;B16;B17;N34","","PRESERVED","本地副本创建与 Provider 调用分开，不重复收费。","NOT_RUN","SRC-PACK:03-DELIVERY/ACCEPTANCE-TEST-MATRIX.csv;SRC-SCOPE-APPENDIX"
"T056","DERIVE","员工拥有派生权但无模型权","允许本地受控编辑，收费执行被拒","Gateway/Provider","P0","KEEP_CORE","员工拥有派生权但无模型权","允许本地受控编辑，收费执行被拒","BR-AST-02","BR-AST-02;BR-DER-01;BR-AI-01;BR-COST-01","B02;B16;B17;N34","","GAP_FILLED","派生/本地编辑许可不自动获得模型执行/付款权。","NOT_RUN","SRC-PACK:03-DELIVERY/ACCEPTANCE-TEST-MATRIX.csv;SRC-SCOPE-APPENDIX"
"T057","DERIVE","员工拥有已发布版本但批量下载未授权","平台内派生与外部下载分别校验","download/export API","P0","POLICY_PENDING","员工拥有已发布版本但批量下载未授权","平台内派生与外部下载分别校验","BR-AST-02","BR-AST-02;BR-DER-01;BR-CLASS-01","B02;B16;B17;N34","DEC-021","GAP_FILLED","外部下载/导出/PS 字节交付政策待批；默认不由平台内派生权授予。","NOT_RUN","SRC-PACK:03-DELIVERY/ACCEPTANCE-TEST-MATRIX.csv;SRC-SCOPE-APPENDIX"
"T058","DERIVE","多源派生：一个来源受限","所有必要来源分别授权或拒绝","跨部门输入","P0","KEEP_CORE","多源派生：一个来源受限","所有必要来源分别授权或拒绝","BR-DER-01","BR-DER-01;BR-AST-01;BR-AST-02","B02;B16;B17;N34","","GAP_FILLED","多源逐一授权，哈希/URL 引用不授上游私有访问。","NOT_RUN","SRC-PACK:03-DELIVERY/ACCEPTANCE-TEST-MATRIX.csv;SRC-SCOPE-APPENDIX"
"T059","DERIVE","派生V3时来源更新V4","派生始终绑定V3","来源记录不漂移","P1","KEEP_CORE","派生V3时来源更新V4","派生始终绑定V3","BR-DER-01","BR-DER-01;BR-AST-01;BR-AST-02","B02;B16;B17;N34","","GAP_FILLED","源变更不偷换输入版本，是 N37 后续工具 writeback 的可复用基础，不是工具专项已测。","NOT_RUN","SRC-PACK:03-DELIVERY/ACCEPTANCE-TEST-MATRIX.csv;SRC-SCOPE-APPENDIX"
"T060","DERIVE","不具备原资产版本发布权的派生者","可提交候选但不能直接发布原资产V4","review/publish API","P0","KEEP_CORE","不具备原资产版本发布权的派生者","可提交候选但不能直接发布原资产V4","BR-DER-01","BR-DER-01;BR-PUB-01","B02;B16;B17;N34","","GAP_FILLED","能派生不代表能发布原资产新版，保留候选提交路径。","NOT_RUN","SRC-PACK:03-DELIVERY/ACCEPTANCE-TEST-MATRIX.csv;SRC-SCOPE-APPENDIX"
"T061","DERIVE","多级派生A→B→C","可查询准确DAG，查询不扩展上游私人访问","lineage/权限","P0","KEEP_CORE","多级派生A→B→C","可查询准确DAG，查询不扩展上游私人访问","BR-AST-02","BR-AST-02;BR-AST-01;BR-DER-01","B02;B16;B17;N34","","PRESERVED","准确来源 DAG 与字段权限并存，不暴露私人上游。","NOT_RUN","SRC-PACK:03-DELIVERY/ACCEPTANCE-TEST-MATRIX.csv;SRC-SCOPE-APPENDIX"
"T062","WITHDRAW","普通撤回已发布源版本","停止新派生但保留已发生审计/账单/来源","policy/cache","P0","POLICY_PENDING","普通撤回已发布源版本","停止新派生但保留已发生审计/账单/来源","BR-DATA-01","BR-DATA-01;BR-CLASS-01","B02;B13;B14;B17;N34","DEC-014;DEC-015","GAP_FILLED","普通撤回的主体/处置待批；保留新使用限制及审计/费用/来源不抹除原则。","NOT_RUN","SRC-PACK:03-DELIVERY/ACCEPTANCE-TEST-MATRIX.csv;SRC-SCOPE-APPENDIX"
"T063","WITHDRAW","紧急撤回正在使用的源文件","新的平台在线访问/执行被限制并生成影响清单","撤回/WS/worker","P0","POLICY_PENDING","紧急撤回正在使用的源文件","新的平台在线访问/执行被限制并生成影响清单","BR-DATA-01","BR-DATA-01;BR-CLASS-01","B02;B13;B14;B17;N34","DEC-014;DEC-015","GAP_FILLED","紧急撤回权限/影响范围待批；新在线请求限制不等于取消已受理供应商或擦除外部副本。","NOT_RUN","SRC-PACK:03-DELIVERY/ACCEPTANCE-TEST-MATRIX.csv;SRC-SCOPE-APPENDIX"
"T064","WITHDRAW","撤回后旧授权缓存或签名URL","不允许持续绕过新权限；离线外部已下载副本风险明示","cache/token","P0","REWORD_SUPPLEMENT","撤回后旧授权缓存/签名 URL 或 Photoshop 外部副本","新的平台在线请求重新校验许可，不能缓存旁路；不承诺擦除已合法下载的离线外部字节","BR-DATA-01","BR-DATA-01;BR-CLASS-01","B02;B13;B14;B17;N34","","GAP_FILLED","补充 PS/外部离线副本边界；在线缓存/URL 重新校验，不承诺删除已合法下载的字节。","NOT_RUN","SRC-PACK:03-DELIVERY/ACCEPTANCE-TEST-MATRIX.csv;SRC-SCOPE-APPENDIX"
"T065","WITHDRAW","撤回已有下游正式资产","不自动销毁，追踪影响并进行治理处置","lineage/retain","P0","POLICY_PENDING","撤回已有下游正式资产","不自动销毁，追踪影响并进行治理处置","BR-DATA-01","BR-DATA-01;BR-CLASS-01","B02;B13;B14;B17;N34","DEC-014;DEC-015;DEC-020","PRESERVED","下游处置权/流程待批；追踪影响、不自动销毁的安全边界保留。","NOT_RUN","SRC-PACK:03-DELIVERY/ACCEPTANCE-TEST-MATRIX.csv;SRC-SCOPE-APPENDIX"
"T066","WITHDRAW","撤回时已受理Provider请求","继续查询/对账，不能重付费","provider mock","P0","KEEP_CORE","撤回时已受理Provider请求","继续查询/对账，不能重付费","BR-AI-01","BR-AI-01;BR-DATA-01;BR-COST-01","B02;B13;B14;B17;N34","","GAP_FILLED","已受理任务继续查询/对账，不因撤回重新付费。","NOT_RUN","SRC-PACK:03-DELIVERY/ACCEPTANCE-TEST-MATRIX.csv;SRC-SCOPE-APPENDIX"
"T067","LEAVER","员工离职影响预览","只读返回任务/正式成果/副本/活动请求/保留引用","audit/report","P1","KEEP_CORE","员工离职影响预览","只读返回任务/正式成果/副本/活动请求/保留引用","BR-OWN-01","BR-OWN-01;BR-DATA-01;BR-WRK-01","B02;B15;B16;B24;N29;N34","","GAP_FILLED","离职影响安全预览保留，不引入 onboarding 或人员效率评分。","NOT_RUN","SRC-PACK:03-DELIVERY/ACCEPTANCE-TEST-MATRIX.csv;SRC-SCOPE-APPENDIX"
"T068","LEAVER","离职时负责人转移工作任务","记录新执行人，历史成本不被重写","任务历史/费用","P0","KEEP_CORE","离职时负责人转移工作任务","记录新执行人，历史成本不被重写","BR-WRK-01","BR-WRK-01;BR-OWN-01;BR-COST-01","B02;B15;B16;B24;N29;N34","","GAP_FILLED","业务责任转移与历史费用事实分开。","NOT_RUN","SRC-PACK:03-DELIVERY/ACCEPTANCE-TEST-MATRIX.csv;SRC-SCOPE-APPENDIX"
"T069","LEAVER","批量移除用户owner映射","高风险治理阻止把资源直接变unowned/无访问","迁移/删除API","P0","KEEP_CORE","批量移除用户owner映射","高风险治理阻止把资源直接变unowned/无访问","BR-OWN-01","BR-OWN-01;BR-DATA-01;BR-WRK-01","B02;B15;B16;B24;N29;N34","","GAP_FILLED","批量 Owner 移除需治理，不导致旧资料无主/越权。","NOT_RUN","SRC-PACK:03-DELIVERY/ACCEPTANCE-TEST-MATRIX.csv;SRC-SCOPE-APPENDIX"
"T070","COST","设计部来源资产被电商部复用","设计部历史费用不重复归到电商部","ledger报表","P0","POLICY_PENDING","设计部来源资产被电商部复用","设计部历史费用不重复归到电商部","BR-COST-01","BR-COST-01","B13;B14;B15;B16;N29;N34","DEC-001;DEC-018;DEC-019;DEC-021","PRESERVED","跨部门复用许可尚未默认批准；在明确许可前提下仍不得二次归集来源费用。","NOT_RUN","SRC-PACK:03-DELIVERY/ACCEPTANCE-TEST-MATRIX.csv;SRC-SCOPE-APPENDIX"
"T071","COST","本地创建工作副本","不产生新的Provider生成费用","账本+mock","P0","KEEP_CORE","本地创建工作副本","不产生新的Provider生成费用","BR-COST-01","BR-COST-01","B13;B14;B15;B16;N29;N34","","GAP_FILLED","本地复制不造生成费用，N36 评价移出不影响真实账本。","NOT_RUN","SRC-PACK:03-DELIVERY/ACCEPTANCE-TEST-MATRIX.csv;SRC-SCOPE-APPENDIX"
"T072","COST","按部门授权运行模型","请求前存用户/部门/主体/计价快照","job DB","P0","KEEP_CORE","按部门授权运行模型","请求前存用户/部门/主体/计价快照","BR-COST-01","BR-COST-01","B13;B14;B15;B16;N29;N34","","PRESERVED","付费前固化身份/部门/主体/计价事实，客户端字段不可自报为准。","NOT_RUN","SRC-PACK:03-DELIVERY/ACCEPTANCE-TEST-MATRIX.csv;SRC-SCOPE-APPENDIX"
"T073","COST","用户调岗后查看历史消费","过去费用部门/执行人快照不漂移","账本","P0","KEEP_CORE","用户调岗后查看历史消费","过去费用部门/执行人快照不漂移","BR-COST-01","BR-COST-01","B13;B14;B15;B16;N29;N34","","PRESERVED","调岗不改历史成本中心/执行人快照。","NOT_RUN","SRC-PACK:03-DELIVERY/ACCEPTANCE-TEST-MATRIX.csv;SRC-SCOPE-APPENDIX"
"T074","COST","价格更新/币种变化","历史账单保留原价格版本及币种","pricing fixture","P1","KEEP_CORE","价格更新/币种变化","历史账单保留原价格版本及币种","BR-COST-01","BR-COST-01","B13;B14;B15;B16;N29;N34","","GAP_FILLED","保存原价格版本/币种，不覆盖历史事实。","NOT_RUN","SRC-PACK:03-DELIVERY/ACCEPTANCE-TEST-MATRIX.csv;SRC-SCOPE-APPENDIX"
"T075","COST","Provider已受理而客户端超时","UNKNOWN/RECONCILING；不得再付费提交","故障注入","P0","KEEP_CORE","Provider已受理而客户端超时","UNKNOWN/RECONCILING；不得再付费提交","BR-COST-01","BR-COST-01;BR-AI-01","B13;B14;B15;B16;N29;N34","","PRESERVED","UNKNOWN/RECONCILING 先查询/对账，不能自动重提收费。","NOT_RUN","SRC-PACK:03-DELIVERY/ACCEPTANCE-TEST-MATRIX.csv;SRC-SCOPE-APPENDIX"
"T076","COST","重复供应商回调与用户重复点击","同一attempt/结算不重复统计","并发幂等","P0","KEEP_CORE","重复供应商回调与用户重复点击","同一attempt/结算不重复统计","BR-COST-01","BR-COST-01;BR-AI-01","B13;B14;B15;B16;N29;N34","","GAP_FILLED","attempt/结算去重保留，与 T084 多 Worker 部署分开。","NOT_RUN","SRC-PACK:03-DELIVERY/ACCEPTANCE-TEST-MATRIX.csv;SRC-SCOPE-APPENDIX"
"T077","COST","供应商失败但实际收费","按收据记录实际费，不能自动置零","账单fixture","P0","KEEP_CORE","供应商失败但实际收费","按收据记录实际费，不能自动置零","BR-COST-01","BR-COST-01;BR-AI-01","B13;B14;B15;B16;N29;N34","","PRESERVED","失败也可能收费，以供应商回执为准。","NOT_RUN","SRC-PACK:03-DELIVERY/ACCEPTANCE-TEST-MATRIX.csv;SRC-SCOPE-APPENDIX"
"T078","COST","退款与冲正","新调整分录，原费用事实保留","ledger审计","P1","KEEP_CORE","退款与冲正","新调整分录，原费用事实保留","BR-COST-01","BR-COST-01","B13;B14;B15;B16;N29;N34","","PRESERVED","退款/冲正追加，不涂改原交易事实。","NOT_RUN","SRC-PACK:03-DELIVERY/ACCEPTANCE-TEST-MATRIX.csv;SRC-SCOPE-APPENDIX"
"T079","COST","财务用户查跨部门费用","只见授权汇总，不暴露私人提示词/媒体","报表授权","P0","KEEP_CORE","财务用户查跨部门费用","只见授权汇总，不暴露私人提示词/媒体","BR-COST-01","BR-COST-01;BR-AST-02","B13;B14;B15;B16;N29;N34","","GAP_FILLED","真实费用授权汇总保留，不变成人员效率评价，也不泄露私人内容。","NOT_RUN","SRC-PACK:03-DELIVERY/ACCEPTANCE-TEST-MATRIX.csv;SRC-SCOPE-APPENDIX"
"T080","COST","允许探索而无已授权费用主体","不发付费请求；明确错误","调用前Policy","P0","POLICY_PENDING","允许探索而无已授权费用主体","不发付费请求；明确错误","BR-COST-01","BR-COST-01;BR-AI-01","B13;B14;B15;B16;N29;N34","DEC-016;DEC-018","GAP_FILLED","探索付款主体/是否允许的细则待批；没有已授权主体时不发收费请求。","NOT_RUN","SRC-PACK:03-DELIVERY/ACCEPTANCE-TEST-MATRIX.csv;SRC-SCOPE-APPENDIX"
"T081","COST","只在供应商账户有共用密钥","凭据身份与内部cost center独立","凭据/费用测试","P0","KEEP_CORE","只在供应商账户有共用密钥","凭据身份与内部cost center独立","BR-COST-01","BR-COST-01;BR-CLASS-01","B13;B14;B15;B16;N29;N34","","GAP_FILLED","共用密钥与内部成本中心独立；不把密钥写进源文件包。","NOT_RUN","SRC-PACK:03-DELIVERY/ACCEPTANCE-TEST-MATRIX.csv;SRC-SCOPE-APPENDIX"
"T082","JOBS","应用重启仍能查询已受理任务","回执/Provider ID/状态保持","Runtime重启","P0","KEEP_CORE","应用重启仍能查询已受理任务","回执/Provider ID/状态保持","BR-AI-01","BR-AI-01","B11;B13;B14;B22","","PRESERVED","复用日志/查询，但仍需完整 durable receipt/Provider ID 恢复验收。","NOT_RUN","SRC-PACK:03-DELIVERY/ACCEPTANCE-TEST-MATRIX.csv;SRC-SCOPE-APPENDIX"
"T083","JOBS","Provider状态不支持查询","保持待人工核对而非伪造失败/重试","provider能力适配","P0","KEEP_CORE","Provider状态不支持查询","保持待人工核对而非伪造失败/重试","BR-AI-01","BR-AI-01","B11;B13;B14;B22","","GAP_FILLED","Provider 无查询能力时保留未知与人工核对，不猜失败。","NOT_RUN","SRC-PACK:03-DELIVERY/ACCEPTANCE-TEST-MATRIX.csv;SRC-SCOPE-APPENDIX"
"T084","JOBS","两个Worker领取同一任务","并发上界及幂等约束防重复付费","SQLite事务模拟","P0","LATER_STAGE","两个Worker领取同一任务","并发上界及幂等约束防重复付费","BR-AI-01","BR-AI-01","B11;B13;B14;B22","","GAP_FILLED","多 Worker 部署/容量属后续 B22；单机并发领取/去重仍在 B14 验证，不删本用例。","NOT_RUN","SRC-PACK:03-DELIVERY/ACCEPTANCE-TEST-MATRIX.csv;SRC-SCOPE-APPENDIX"
"T085","JOBS","任务返回图像且上游响应丢失","正确恢复匹配收据，不重提已受理生成","Provider模拟","P0","KEEP_CORE","任务返回图像且上游响应丢失","正确恢复匹配收据，不重提已受理生成","BR-AI-01","BR-AI-01","B11;B13;B14;B22","","PRESERVED","结果/回执匹配，不因响应丢失重提生成。","NOT_RUN","SRC-PACK:03-DELIVERY/ACCEPTANCE-TEST-MATRIX.csv;SRC-SCOPE-APPENDIX"
"T086","JOBS","查询重试多次","只是查询，不产生新生成attempt","mock calls","P0","KEEP_CORE","查询重试多次","只是查询，不产生新生成attempt","BR-AI-01","BR-AI-01","B11;B13;B14;B22","","PRESERVED","查询重试不能生成新的收费 attempt。","NOT_RUN","SRC-PACK:03-DELIVERY/ACCEPTANCE-TEST-MATRIX.csv;SRC-SCOPE-APPENDIX"
"T087","SECURITY","A/B/admin跨资源直链/预览/下载/WS","仅合法operation通过，其他403/404","浏览器/API","P0","KEEP_CORE","A/B/admin跨资源直链/预览/下载/WS","仅合法operation通过，其他403/404","BR-AST-02","BR-AST-02;BR-PRO-01","B02;B15;B17","","GAP_FILLED","既有角色/Owner 回归可复用，新部门/版本操作矩阵需增量；不是整项已通过。","NOT_RUN","SRC-PACK:03-DELIVERY/ACCEPTANCE-TEST-MATRIX.csv;SRC-SCOPE-APPENDIX"
"T088","SECURITY","尝试路径遍历/reparse/嵌套media URL","统一归一化及阻断","安全fuzz","P0","KEEP_CORE","尝试路径遍历/reparse/嵌套media URL","统一归一化及阻断","BR-AST-02","BR-AST-02;BR-PRO-01","B02;B15;B17","","GAP_FILLED","现有路径安全能力复用，新增工具导入也不能旁路。","NOT_RUN","SRC-PACK:03-DELIVERY/ACCEPTANCE-TEST-MATRIX.csv;SRC-SCOPE-APPENDIX"
"T089","SECURITY","客户端传假的department_id/cost_center_id","服务端覆盖并验证，不采用信任字段","HTTP恶意payload","P0","KEEP_CORE","客户端传假的department_id/cost_center_id","服务端覆盖并验证，不采用信任字段","BR-AST-02","BR-AST-02;BR-PRO-01;BR-COST-01","B02;B15;B17","","GAP_FILLED","服务端验证发生时合法部门/付款主体，禁止信任恶意 client 字段。","NOT_RUN","SRC-PACK:03-DELIVERY/ACCEPTANCE-TEST-MATRIX.csv;SRC-SCOPE-APPENDIX"
"T090","SECURITY","未登录直接调用资产和AI入口","认证拒绝","API/WS","P0","KEEP_CORE","未登录直接调用资产和AI入口","认证拒绝","BR-AST-02","BR-AST-02;BR-PRO-01","B02;B15;B17","","GAP_FILLED","统一企业入口认证；插件不能直连 Upstream 规避。","NOT_RUN","SRC-PACK:03-DELIVERY/ACCEPTANCE-TEST-MATRIX.csv;SRC-SCOPE-APPENDIX"
"T091","STORAGE","项目删除但素材仍被其他正式资产引用","保留物理文件且索引一致","refs/hashes","P0","KEEP_CORE","项目删除但素材仍被其他正式资产引用","保留物理文件且索引一致","BR-DATA-01","BR-DATA-01;BR-AST-01","B03;B08;B17;B23;N34","","PRESERVED","项目删与资产引用/字节保留分开，不能删在用正式源文件。","NOT_RUN","SRC-PACK:03-DELIVERY/ACCEPTANCE-TEST-MATRIX.csv;SRC-SCOPE-APPENDIX"
"T092","STORAGE","GC遇到未知引用或进行中写入","拒绝自动物理清理","race/fail closed","P0","KEEP_CORE","GC遇到未知引用或进行中写入","拒绝自动物理清理","BR-DATA-01","BR-DATA-01;BR-AST-01","B03;B08;B17;B23;N34","","PRESERVED","不明 refs/进行中写入不自动清理；保留策略未批时保守处理。","NOT_RUN","SRC-PACK:03-DELIVERY/ACCEPTANCE-TEST-MATRIX.csv;SRC-SCOPE-APPENDIX"
"T093","STORAGE","原图和预览缓存分离","清理缓存不删除正式业务成品","cache/bytes","P0","KEEP_CORE","原图和预览缓存分离","清理缓存不删除正式业务成品","BR-DATA-01","BR-DATA-01;BR-AST-01","B03;B08;B17;B23;N34","","GAP_FILLED","预览是缓存，正式字节是业务数据，不能按同类清理。","NOT_RUN","SRC-PACK:03-DELIVERY/ACCEPTANCE-TEST-MATRIX.csv;SRC-SCOPE-APPENDIX"
"T094","STORAGE","归档期间存储空间不足","不发布假成功且有可核验恢复态","disk-full fault","P0","KEEP_CORE","归档期间存储空间不足","不发布假成功且有可核验恢复态","BR-DATA-01","BR-DATA-01;BR-AST-01","B03;B08;B17;B23;N34","","GAP_FILLED","存储不足不假成功，准备/恢复态可核验。","NOT_RUN","SRC-PACK:03-DELIVERY/ACCEPTANCE-TEST-MATRIX.csv;SRC-SCOPE-APPENDIX"
"T095","STORAGE","对象存储迁移/降级/断连","原ID稳定，授权不泄漏，迁移可验证","storage-adapter","P1","LATER_STAGE","对象存储迁移/降级/断连","原ID稳定，授权不泄漏，迁移可验证","BR-DATA-01","BR-DATA-01;BR-SYS-01","B03;B08;B17;B23;N34","","GAP_FILLED","对象存储适配/迁移归正式后续阶段，当前继续 SQLite+JSON+文件；保留稳定 ID/权限目标。","NOT_RUN","SRC-PACK:03-DELIVERY/ACCEPTANCE-TEST-MATRIX.csv;SRC-SCOPE-APPENDIX"
"T096","UPGRADE","含新增业务表的旧发行升级成功","旧用户数据/素材/审计和版本完整","真实旧Release安装副本","P0","KEEP_CORE","含新增业务表的旧发行升级成功","旧用户数据/素材/审计和版本完整","BR-UPD-01","BR-UPD-01;BR-SYS-01","B03;B05;B06;B08;B09;B10;B11;B27","","PRESERVED","当前复用升级引擎；新增业务格式实施后必须补真实旧源副本矩阵，不提前改表。","NOT_RUN","SRC-PACK:03-DELIVERY/ACCEPTANCE-TEST-MATRIX.csv;SRC-SCOPE-APPENDIX"
"T097","UPGRADE","迁移前后数据库/文件不一致","保持恢复阻断而非宣称升级成功","WAL/JSON/file fail test","P0","KEEP_CORE","迁移前后数据库/文件不一致","保持恢复阻断而非宣称升级成功","BR-UPD-01","BR-UPD-01;BR-SYS-01","B03;B05;B06;B08;B09;B10;B11;B27","","PRESERVED","跨 DB/JSON/字节不一致继续阻断；B03/阶段3与新业务都保留。","NOT_RUN","SRC-PACK:03-DELIVERY/ACCEPTANCE-TEST-MATRIX.csv;SRC-SCOPE-APPENDIX"
"T098","UPGRADE","切换后产生新业务写入再请求回旧快照","禁止丢新写入的盲目回滚","Update tests","P0","KEEP_CORE","切换后产生新业务写入再请求回旧快照","禁止丢新写入的盲目回滚","BR-UPD-01","BR-UPD-01;BR-SYS-01","B03;B05;B06;B08;B09;B10;B11;B27","","PRESERVED","新版写入后不能回旧快照丢新数据；不能以后台备份代替兼容回退。","NOT_RUN","SRC-PACK:03-DELIVERY/ACCEPTANCE-TEST-MATRIX.csv;SRC-SCOPE-APPENDIX"
"T099","UPGRADE","更新失败/重启/断网","恢复代码/DB/状态同一版本身份，无重复付费任务","真实Windows/故障","P0","KEEP_CORE","更新失败/重启/断网","恢复代码/DB/状态同一版本身份，无重复付费任务","BR-UPD-01","BR-UPD-01;BR-SYS-01;BR-AI-01","B03;B05;B06;B08;B09;B10;B11;B27","","PRESERVED","阶段3真实 EXE 启动/恢复为当前重点；含新任务/费用部分在相应实现后补测。","NOT_RUN","SRC-PACK:03-DELIVERY/ACCEPTANCE-TEST-MATRIX.csv;SRC-SCOPE-APPENDIX"
"T100","UPGRADE","旧账户升级后","不创建第二super_admin、不覆盖客户密码密钥","安装副本","P0","KEEP_CORE","旧账户升级后","不创建第二super_admin、不覆盖客户密码密钥","BR-UPD-01","BR-UPD-01;BR-SYS-01","B03;B05;B06;B08;B09;B10;B11;B27","","PRESERVED","不重新初始化现有超管/密码/密钥，保留用户 ID 和角色。","NOT_RUN","SRC-PACK:03-DELIVERY/ACCEPTANCE-TEST-MATRIX.csv;SRC-SCOPE-APPENDIX"
"T101","UPGRADE","卸载默认选保留数据","业务数据未因程序卸载被删除","安装/卸载专项","P0","KEEP_CORE","卸载默认选保留数据","业务数据未因程序卸载被删除","BR-UPD-01","BR-UPD-01;BR-SYS-01","B03;B05;B06;B08;B09;B10;B11;B27","","GAP_FILLED","阶段3保留数据卸载/重装仍是独立退出条件。","NOT_RUN","SRC-PACK:03-DELIVERY/ACCEPTANCE-TEST-MATRIX.csv;SRC-SCOPE-APPENDIX"
"T102","NFR","生产/隔离负载指标观测","附硬件/数据规模/并发/延迟/锁等待，不凭人数猜值","性能基线","P1","KEEP_CORE","生产/隔离负载指标观测","附硬件/数据规模/并发/延迟/锁等待，不凭人数猜值","BR-SYS-01","BR-SYS-01","B12;B19;B22;B27","","PRESERVED","测量而不编人数/吞吐目标，本轮没有执行生产/压测。","NOT_RUN","SRC-PACK:03-DELIVERY/ACCEPTANCE-TEST-MATRIX.csv;SRC-SCOPE-APPENDIX"
"T103","NFR","成本/权限/更新脱敏日志","有correlation_id但不泄露真实密钥/私人数据","日志审计","P0","KEEP_CORE","成本/权限/更新脱敏日志","有correlation_id但不泄露真实密钥/私人数据","BR-SYS-01","BR-SYS-01;BR-COST-01;BR-AI-01;BR-AST-02","B12;B19;B22;B27","","GAP_FILLED","脱敏 correlation 基础复用，新版本/来源/成本链路增量，不泄露秘密。","NOT_RUN","SRC-PACK:03-DELIVERY/ACCEPTANCE-TEST-MATRIX.csv;SRC-SCOPE-APPENDIX"
"T104","NFR","未来员工桌面客户端离线缓存","服务端是权威，撤销在线后的访问权可更新","客户端spike","P1","LATER_STAGE","未来员工桌面客户端离线缓存","服务端是权威，撤销在线后的访问权可更新","BR-SYS-01","BR-SYS-01","B12;B19;B22;B27","","PRESERVED","B19 员工端/离线缓存属阶段5，不是移出的 N28 首页产品；当前固定 EXE 不等于它。","NOT_RUN","SRC-PACK:03-DELIVERY/ACCEPTANCE-TEST-MATRIX.csv;SRC-SCOPE-APPENDIX"
