"id","exact_original_title","original_source_ref","original_heading_label","scope_decision","implementation_status","verified_reuse","remaining_gap","existing_stage_reference","absorbed_contracts","current_minimal_dependencies","dependency_change","br_ids","candidate_test_ids","implementation_evidence","decision_ref","implementation_authorization"
"B01","主线与文档收敛","SRC-PLAN:L133","保留","RETAIN_ENGINEERING","IMPLEMENTED","主线与文档单一入口基础（#146/#147）","新范围文档仍为 Draft，不视为 main 已完成","当前 Docs-only；不复制任务队列","","B27","保留历史方向；不得由原编号推导全量待开发","BR-SYS-01","","docs/CURRENT_PROJECT_STATUS.md;docs/ops/DEVELOPMENT-BASELINE-CLOSEOUT-2026-10-09.md @ main a5a6aa10b7882c46f129ec6df854239ee111da18","SCOPE-2026-10-09","NO_NEW_AUTHORIZATION; existing scoped engineering remains separate"
"B02","权限、安全与稳定运行","SRC-PLAN:L139","保留并扩展覆盖","RETAIN_ENGINEERING","PARTIAL","三系统角色、Gateway、Owner/路径安全及安全回归","新部门/版本/operation 授权未实现；稳定性未普遍证明","现阶段维持安全阻断；阶段4增量","","#148","保留历史方向；不得由原编号推导全量待开发","BR-OWN-01;BR-PRO-01;BR-PUB-01;BR-AST-02;BR-CLASS-01;BR-DER-01","T001;T002;T003;T004;T005;T006;T007;T008;T009;T010;T011;T012;T013;T014;T015;T016;T042;T043;T044;T045;T046;T047;T048;T049;T050;T051;T052;T053;T054;T055;T056;T057;T058;T059;T060;T061;T062;T063;T064;T065;T066;T067;T068;T069;T087;T088;T089;T090","enterprise/roles.py;enterprise/gateway.py;enterprise/interceptors.py @ main a5a6aa10b7882c46f129ec6df854239ee111da18","SCOPE-2026-10-09","NO_NEW_AUTHORIZATION; existing scoped engineering remains separate"
"B03","持久数据版本化与一致恢复","SRC-PLAN:L145","保留并前置新对象契约","RETAIN_ENGINEERING","PARTIAL","备份、版本登记、迁移、验证和恢复引擎","真实恢复闭环及每个新增业务格式仍需证据","阶段3关联恢复；新增业务格式另批","","#148","保留历史方向；不得由原编号推导全量待开发","BR-AST-01;BR-DATA-01;BR-UPD-01","T025;T026;T027;T028;T029;T030;T031;T032;T033;T034;T035;T036;T037;T038;T039;T040;T041;T091;T092;T093;T094;T095;T096;T097;T098;T099;T100;T101","enterprise/migrations/versioned.py;docs/data/UPDATE-DATA-1-UPDATE-CENTER-MIGRATION-INTEGRATION-2026-09.md @ main a5a6aa10b7882c46f129ec6df854239ee111da18","SCOPE-2026-10-09","NO_NEW_AUTHORIZATION; existing scoped engineering remains separate"
"B04","不可变发布清单","SRC-PLAN:L151","保留","RETAIN_ENGINEERING","IMPLEMENTED","应用 Release 的不可变 manifest、registry 和哈希基础","不是业务 AssetVersion；支持策略与所有历史来源兼容未证明","保留现有基础，不改已发布资产","","","保留历史方向；不得由原编号推导全量待开发","BR-SYS-01","","docs/ops/MAINTENANCE-2026.10.1-RELEASE-RECORD.md;enterprise/release/release_manifest_v2.py @ main a5a6aa10b7882c46f129ec6df854239ee111da18","SCOPE-2026-10-09","NO_NEW_AUTHORIZATION; existing scoped engineering remains separate"
"B05","新装、识别与旧安装接管","SRC-PLAN:L157","保留","RETAIN_ENGINEERING","PARTIAL","新装、定位、安装身份登记和受控接管基础","重复运行、定位失败、多实例及真实维护矩阵未完整","阶段3；单实例成功不推广","","#148","保留历史方向；不得由原编号推导全量待开发","BR-UPD-01;BR-SYS-01","T096;T097;T098;T099;T100;T101","tools/build_native_entry.py;docs/ops/DELIVERY-1-FIXED-NATIVE-ENTRY-2026-10.md @ main a5a6aa10b7882c46f129ec6df854239ee111da18","SCOPE-2026-10-09","NO_NEW_AUTHORIZATION; existing scoped engineering remains separate"
"B06","固定入口与 Runtime 恢复","SRC-PLAN:L163","保留，当前优先","RETAIN_ENGINEERING","PARTIAL","固定 EXE、当前指针、启停/状态/诊断","真实目标宿主创建及自动源恢复失败","阶段3当前优先 #148；不是员工端产品","","#148","保留历史方向；不得由原编号推导全量待开发","BR-UPD-01;BR-SYS-01","T096;T097;T098;T099;T100;T101","enterprise/runtime;docs/ops/RUNTIME-UPDATE-LIFECYCLE-2026-10-09.md @ main a5a6aa10b7882c46f129ec6df854239ee111da18","SCOPE-2026-10-09","NO_NEW_AUTHORIZATION; existing scoped engineering remains separate"
"B07","程序／环境修复与跨窗口维护状态","SRC-PLAN:L169","保留","RETAIN_ENGINEERING","PARTIAL","同 Release 程序/Python 修复、中断状态及 GUI 接线","完整 GUI 操作/关闭窗口/中断恢复未验完","阶段3现有授权工程","","","保留历史方向；不得由原编号推导全量待开发","BR-UPD-01;BR-SYS-01","","docs/ops/DELIVERY-1-FIXED-NATIVE-ENTRY-2026-10.md @ main a5a6aa10b7882c46f129ec6df854239ee111da18","SCOPE-2026-10-09","NO_NEW_AUTHORIZATION; existing scoped engineering remains separate"
"B08","缓存、卸载保留与重装","SRC-PLAN:L175","保留","RETAIN_ENGINEERING","PARTIAL","Runtime/cache 路径与准备基础","容量/安全清理、保留数据卸载与重装未收口","阶段3维护缓存；阶段5资源优化，期限待批","","","保留历史方向；不得由原编号推导全量待开发","BR-DATA-01;BR-UPD-01;BR-SYS-01","T091;T092;T093;T094;T095;T096;T097;T098;T099;T100;T101","enterprise/paths.py;docs/roadmap/DEVELOPMENT-ROADMAP-2026-2027.md @ main a5a6aa10b7882c46f129ec6df854239ee111da18","SCOPE-2026-10-09","NO_NEW_AUTHORIZATION; existing scoped engineering remains separate"
"B09","历史升级与旧平铺部署","SRC-PLAN:L181","保留，严格区分实例","RETAIN_ENGINEERING","PARTIAL","受控旧平铺接管及生产单实例后续升级反馈","未知旧源/数据变体/恢复矩阵非通用兼容","阶段3准确来源矩阵；历史线不自动整合","","","保留历史方向；不得由原编号推导全量待开发","BR-UPD-01;BR-SYS-01","T096;T097;T098;T099;T100;T101","docs/ops/DEVELOPMENT-BASELINE-CLOSEOUT-2026-10-09.md;docs/ops/MAINTENANCE-2026.10.1-RELEASE-RECORD.md @ main a5a6aa10b7882c46f129ec6df854239ee111da18","SCOPE-2026-10-09","NO_NEW_AUTHORIZATION; existing scoped engineering remains separate"
"B10","更新器自更新与自动路径编排","SRC-PLAN:L187","保留","RETAIN_ENGINEERING","PARTIAL","网页更新、准备/handoff、持久作业及路径目录","更新器自更新、跨重启多跳授权/检查点、分页未收口","阶段3；不承诺无限历史支持","","","保留历史方向；不得由原编号推导全量待开发","BR-UPD-01;BR-SYS-01","T096;T097;T098;T099;T100;T101","enterprise/ops/update/service.py;docs/roadmap/DEVELOPMENT-ROADMAP-2026-2027.md @ main a5a6aa10b7882c46f129ec6df854239ee111da18","SCOPE-2026-10-09","NO_NEW_AUTHORIZATION; existing scoped engineering remains separate"
"B11","维护任务排空与数据回退边界","SRC-PLAN:L193","保留，依赖 B14","RETAIN_ENGINEERING","PARTIAL","维护保护、停止未确认阻断、写入后不盲回旧库","完整 durable task 排空仍缺；兼容降级须另验","阶段3可证明无活动任务；阶段4依赖 B14","","B14(minimal durable tasks)","保留历史方向；不得由原编号推导全量待开发","BR-AI-01;BR-UPD-01","T082;T083;T084;T085;T086;T096;T097;T098;T099;T100;T101","enterprise/ops/update/service.py;enterprise/canvas_task_journal.py @ main a5a6aa10b7882c46f129ec6df854239ee111da18","SCOPE-2026-10-09","NO_NEW_AUTHORIZATION; existing scoped engineering remains separate"
"B12","全链路日志与脱敏导出","SRC-PLAN:L199","保留并细化","RETAIN_ENGINEERING","PARTIAL","本地诊断/更新脱敏与生命周期阶段错误记录","跨 task/attempt/cost/version 关联仍需增量","现阶段定向 #148；阶段4扩展","","#148","保留历史方向；不得由原编号推导全量待开发","","T102;T103;T104","enterprise/ops/update/diagnostics.py;docs/ops/RUNTIME-UPDATE-LIFECYCLE-2026-10-09.md @ main a5a6aa10b7882c46f129ec6df854239ee111da18","SCOPE-2026-10-09","NO_NEW_AUTHORIZATION; existing scoped engineering remains separate"
"B13","付费不明确结果止损","SRC-PLAN:L205","保留，R1 前置","RETAIN_ENGINEERING","PARTIAL","journal 不自动重放及部分 Provider 查询","#123 仍 OPEN；完整 UNKNOWN 止损/对账未交付","阶段4先审查已有方案；不重建重提系统","","","保留历史方向；不得由原编号推导全量待开发","BR-AI-01","T062;T063;T064;T065;T066;T070;T071;T072;T073;T074;T075;T076;T077;T078;T079;T080;T081;T082;T083;T084;T085;T086","enterprise/canvas_task_journal.py;PR#123 @ main a5a6aa10b7882c46f129ec6df854239ee111da18","SCOPE-2026-10-09","NO_NEW_AUTHORIZATION; existing scoped engineering remains separate"
"B14","统一任务中心与生成日志","SRC-PLAN:L211","保留并重点细化","RETAIN_ENGINEERING","PARTIAL","持久受理/Owner/中断 journal 和现有生成查询","统一 Attempt、回调/结果/结算恢复未完整","阶段4沿用生成日志；WorkItem 不混为 AIJob","","","保留历史方向；不得由原编号推导全量待开发","BR-WRK-01;BR-AI-01;BR-COST-01","T017;T018;T019;T020;T021;T022;T023;T024;T062;T063;T064;T065;T066;T070;T071;T072;T073;T074;T075;T076;T077;T078;T079;T080;T081;T082;T083;T084;T085;T086","enterprise/canvas_task_journal.py;main.py @ main a5a6aa10b7882c46f129ec6df854239ee111da18","SCOPE-2026-10-09","NO_NEW_AUTHORIZATION; existing scoped engineering remains separate"
"B15","部门项目、身份与凭据","SRC-PLAN:L217","保留并按确认方式细化","RETAIN_ENGINEERING","PARTIAL","用户 ID、系统成员、Owner/个人项目基础","完整 Department/Membership/BusinessProject 治理未实现","阶段4；多部门/任命等细则待批","","","保留历史方向；不得由原编号推导全量待开发","BR-OWN-01;BR-PRO-01;BR-AST-02;BR-WRK-01;BR-COST-01;BR-CLASS-01;BR-DER-01","T001;T002;T003;T004;T005;T006;T007;T008;T009;T010;T011;T012;T013;T014;T015;T016;T017;T018;T019;T020;T021;T022;T023;T024;T042;T043;T044;T045;T046;T047;T048;T067;T068;T069;T070;T071;T072;T073;T074;T075;T076;T077;T078;T079;T080;T081;T087;T088;T089;T090","enterprise/db.py;enterprise/roles.py;docs/enterprise-ownership-model.md @ main a5a6aa10b7882c46f129ec6df854239ee111da18","SCOPE-2026-10-09","NO_NEW_AUTHORIZATION; existing scoped engineering remains separate"
"B16","费用、预算与对账","SRC-PLAN:L223","保留并接入实际回执","RETAIN_ENGINEERING","PARTIAL","操作审计和部分 Provider 查询可复用","usage_logs 不是 CostLedger；预算制度未批准","阶段4费用事实；阈值/付费探索另确认","","","保留历史方向；不得由原编号推导全量待开发","BR-COST-01","T017;T018;T019;T020;T021;T022;T023;T024;T053;T054;T055;T056;T057;T058;T059;T060;T061;T067;T068;T069;T070;T071;T072;T073;T074;T075;T076;T077;T078;T079;T080;T081","enterprise/db.py;main.py @ main a5a6aa10b7882c46f129ec6df854239ee111da18","SCOPE-2026-10-09","NO_NEW_AUTHORIZATION; existing scoped engineering remains separate"
"B17","稳定资产、存储与缓存","SRC-PLAN:L229","保留，最小契约提前","RETAIN_ENGINEERING","PARTIAL","素材库、URL/Owner、工作流包及引用缓存","稳定资产版本、持久引用/授权/GC 契约未交付","阶段4最小资产契约；阶段5优化存储","","","保留历史方向；不得由原编号推导全量待开发","BR-OWN-01;BR-PUB-01;BR-AST-01;BR-AST-02;BR-DATA-01;BR-CLASS-01;BR-DER-01;BR-DEL-01","T025;T026;T027;T028;T029;T030;T031;T032;T033;T034;T035;T036;T037;T038;T039;T040;T041;T042;T043;T044;T045;T046;T047;T048;T049;T050;T051;T052;T053;T054;T055;T056;T057;T058;T059;T060;T061;T062;T063;T064;T065;T066;T087;T088;T089;T090;T091;T092;T093;T094;T095","enterprise/resource_index.py;main.py @ main a5a6aa10b7882c46f129ec6df854239ee111da18","SCOPE-2026-10-09","NO_NEW_AUTHORIZATION; existing scoped engineering remains separate"
"B18","渐进前端模块化","SRC-PLAN:L235","保留","RETAIN_ENGINEERING","PARTIAL","既有画布与局部 JS 模块","无整体前端模块化完成证据","阶段5局部试点；不重写画布，框架另批","","","保留历史方向；不得由原编号推导全量待开发","BR-SYS-01","","static;tools/photoshop-asset-connector/js @ main a5a6aa10b7882c46f129ec6df854239ee111da18","SCOPE-2026-10-09","NO_NEW_AUTHORIZATION; existing scoped engineering remains separate"
"B19","员工桌面产品","SRC-PLAN:L241","保留，置于业务底座之后","RETAIN_ENGINEERING","NOT_IMPLEMENTED","可复用固定服务启停 EXE，不等于员工端","完整员工桌面/离线业务未交付","阶段5；框架与离线策略待设计","","","保留历史方向；不得由原编号推导全量待开发","BR-SYS-01","T102;T103;T104","docs/ops/DELIVERY-1-FIXED-NATIVE-ENTRY-2026-10.md;docs/roadmap/DEVELOPMENT-ROADMAP-2026-2027.md @ main a5a6aa10b7882c46f129ec6df854239ee111da18","SCOPE-2026-10-09","NO_NEW_AUTHORIZATION; existing scoped engineering remains separate"
"B20","浏览器与 Photoshop 联动","SRC-PLAN:L247","保留并关联资产链","RETAIN_ENGINEERING","PARTIAL","UXP Connector 浏览/置入/PNG 回传、生成查询、聊天和 WS 代码","企业认证、原生源文件、版本化回写/来源缺口；未实测 PS","阶段4契约/阶段5联动；N37 优先复用","","B17(minimal asset);N34(minimal version)","保留历史方向；不得由原编号推导全量待开发","BR-SYS-01","","tools/photoshop-asset-connector;main.py:canvas_assets_index;main.py:update_canvas @ main a5a6aa10b7882c46f129ec6df854239ee111da18","SCOPE-2026-10-09","NO_NEW_AUTHORIZATION; existing scoped engineering remains separate"
"B21","SQLite／PostgreSQL 分层与迁移","SRC-PLAN:L253","保留","RETAIN_ENGINEERING","PARTIAL","SQLite 单机及版本化迁移","无 PostgreSQL 生产交付证据","阶段6；不偷换现有数据库形态","","","保留历史方向；不得由原编号推导全量待开发","BR-SYS-01","","enterprise/migrations/versioned.py;docs/decisions/ADR-DELIVERY-001-UNIFIED-INSTALL-UPDATE-LIFECYCLE-2026-10.md @ main a5a6aa10b7882c46f129ec6df854239ee111da18","SCOPE-2026-10-09","NO_NEW_AUTHORIZATION; existing scoped engineering remains separate"
"B22","多 Worker 与容量","SRC-PLAN:L259","保留","RETAIN_ENGINEERING","PARTIAL","当前单机任务/事务与有限并发测试","多 Worker 领取闭环及容量上限未证明","阶段4单机幂等；阶段6多节点/容量","","B14(minimal idempotency)","保留历史方向；不得由原编号推导全量待开发","BR-SYS-01","T082;T083;T084;T085;T086;T102;T103;T104","enterprise/canvas_task_journal.py;docs/roadmap/DEVELOPMENT-ROADMAP-2026-2027.md @ main a5a6aa10b7882c46f129ec6df854239ee111da18","SCOPE-2026-10-09","NO_NEW_AUTHORIZATION; existing scoped engineering remains separate"
"B23","共享存储、可用性与灾难恢复","SRC-PLAN:L265","保留","RETAIN_ENGINEERING","PARTIAL","单机数据库备份/恢复和特定现场材料","不是完整素材灾备、HA、零停机或无损降级","阶段6；RPO/RTO/存储/支持期限待确认","","","保留历史方向；不得由原编号推导全量待开发","BR-DATA-01;BR-SYS-01","T091;T092;T093;T094;T095","enterprise/migrations/versioned.py;docs/roadmap/DEVELOPMENT-ROADMAP-2026-2027.md @ main a5a6aa10b7882c46f129ec6df854239ee111da18","SCOPE-2026-10-09","NO_NEW_AUTHORIZATION; existing scoped engineering remains separate"
"B24","企业身份与人事组织","SRC-PLAN:L271","保留并对齐部门项目","RETAIN_ENGINEERING","PARTIAL","内部账户/Owner 和撤销基础","HR/SSO/目录全链路未证明","阶段4内部身份；阶段7外部集成","","","保留历史方向；不得由原编号推导全量待开发","BR-SYS-01","T001;T002;T003;T004;T005;T006;T007;T008;T067;T068;T069","enterprise/db.py;enterprise/gateway.py @ main a5a6aa10b7882c46f129ec6df854239ee111da18","SCOPE-2026-10-09","NO_NEW_AUTHORIZATION; existing scoped engineering remains separate"
"B25","API／MCP／外部 Agent","SRC-PLAN:L277","保留并限制为受控能力","RETAIN_ENGINEERING","PARTIAL","已有 REST/WS 与 Gateway","版本化委托 API/MCP 的预算/设备/撤销闭环未交付","阶段7；不自建无授权通用 Agent","","","保留历史方向；不得由原编号推导全量待开发","BR-SYS-01","","enterprise/gateway.py;docs/roadmap/DEVELOPMENT-ROADMAP-2026-2027.md @ main a5a6aa10b7882c46f129ec6df854239ee111da18","SCOPE-2026-10-09","NO_NEW_AUTHORIZATION; existing scoped engineering remains separate"
"B26","可选远程运维","SRC-PLAN:L283","保留，非当前默认","RETAIN_ENGINEERING","NOT_IMPLEMENTED","本地脱敏诊断可复用","可选远程采集未部署；不得默认外发","横向后续候选；供应商/留存/责任须批准","","","保留历史方向；不得由原编号推导全量待开发","BR-SYS-01","","enterprise/ops/update/diagnostics.py;SECURITY_BASELINE.md @ main a5a6aa10b7882c46f129ec6df854239ee111da18","SCOPE-2026-10-09","NO_NEW_AUTHORIZATION; existing scoped engineering remains separate"
"B27","验证、发布、支持与变更治理","SRC-PLAN:L289","保留并新增需求追踪","RETAIN_ENGINEERING","PARTIAL","CI、PR、文档登记、不可变发行和分层汇报","真实 #148 失败与当前需求追踪尚待审查","既有治理持续；不自动合并或发布","","","保留历史方向；不得由原编号推导全量待开发","BR-UPD-01;BR-SYS-01","T096;T097;T098;T099;T100;T101;T102;T103;T104","CODEX_WORKFLOW.md;tools/check_docs.py;docs/CURRENT_PROJECT_STATUS.md @ main a5a6aa10b7882c46f129ec6df854239ee111da18","SCOPE-2026-10-09","NO_NEW_AUTHORIZATION; existing scoped engineering remains separate"
"N28","企业首页与个人工作区","SRC-PLAN:L297","新增","INDEPENDENT_PRODUCT_OUT","NOT_VERIFIED","现有登录、导航、私人创作不删除","不开发独立首页/个人工作区；不得自行排期","按唯一路线图；仅范围/契约文档草案，业务实施另批","","","","","","SRC-SCOPE-REPORT;SRC-MAIN","SCOPE-2026-10-09","NO_NEW_BUSINESS_IMPLEMENTATION_AUTHORIZATION"
"N29","部门项目、项目文件夹与工作任务","SRC-PLAN:L309","新增","CORE_RETAINED","PARTIAL","个人项目文件夹/Owner/生成日志基础","部门项目、任务规格/提交/验收/责任未完整实现","按唯一路线图；仅范围/契约文档草案，业务实施另批","N30:readonly;N33:basic_delivery_quality","B02;B03;B15;B17(minimal);B14(minimal);B16(minimal)","","BR-OWN-01;BR-PRO-01;BR-PUB-01;BR-AST-02;BR-WRK-01;BR-COST-01;BR-DER-01;BR-DEL-01","T001;T002;T003;T004;T005;T006;T007;T008;T009;T010;T011;T012;T013;T014;T015;T016;T017;T018;T019;T020;T021;T022;T023;T024;T025;T026;T027;T028;T029;T030;T031;T032;T033;T034;T042;T043;T044;T045;T046;T047;T048;T067;T068;T069;T070;T071;T072;T073;T074;T075;T076;T077;T078;T079;T080;T081","SRC-SCOPE-REPORT;SRC-MAIN","SCOPE-2026-10-09","NO_NEW_BUSINESS_IMPLEMENTATION_AUTHORIZATION"
"N30","只读共享与优秀项目画布展示区","SRC-PLAN:L321","新增","SPLIT_RETAINED","NOT_IMPLEMENTED","项目只读共享是已确认需求；既有 Owner 基础可复用","展示区移出；readonly 保留，不授执行","按唯一路线图；仅范围/契约文档草案，业务实施另批","N29:department_readonly","B02;B15;N29","showcase independent product","BR-PRO-01","T009;T010;T011;T012;T013;T014;T015;T016","SRC-SCOPE-REPORT;SRC-MAIN","SCOPE-2026-10-09","NO_NEW_BUSINESS_IMPLEMENTATION_AUTHORIZATION"
"N31","经审核创作配方与经验复用","SRC-PLAN:L333","新增","INDEPENDENT_PRODUCT_OUT","PARTIAL","既有工作流包、正式源文件复用基础不删","独立配方审核/评分/推荐/经验产品移出","按唯一路线图；仅范围/契约文档草案，业务实施另批","N34:source_workflow_reuse","N34(minimal version)","N31->N33 removed from current design","BR-AST-01;BR-AST-02;BR-DER-01;BR-DEL-01","T026;T027;T032;T033;T053;T055","tools/photoshop-asset-connector;main.py @ main a5a6aa10b7882c46f129ec6df854239ee111da18","SCOPE-2026-10-09","NO_NEW_BUSINESS_IMPLEMENTATION_AUTHORIZATION"
"N32","统一、可任意放置的画布上下文助手","SRC-PLAN:L345","新增","INDEPENDENT_PRODUCT_OUT","PARTIAL","现有 GPT/PS chat/画布生成继续保留","不开发独立可任意放置的统一助手","按唯一路线图；仅范围/契约文档草案，业务实施另批","","","","","","SRC-SCOPE-REPORT;SRC-MAIN","SCOPE-2026-10-09","NO_NEW_BUSINESS_IMPLEMENTATION_AUTHORIZATION"
"N33","品牌、商品与质量规则","SRC-PLAN:L359","新增","INDEPENDENT_PRODUCT_OUT","PARTIAL","已有素材/生成与任务交付基础继续保留","品牌/商品/质量规则系统移出；基础任务验收保留","按唯一路线图；仅范围/契约文档草案，业务实施另批","N29:delivery_acceptance;N34:frozen_versions","N29(minimal specification);N34(minimal version)","N33->N31/N34 removed as product prerequisite","BR-WRK-01;BR-DEL-01","T017;T018;T024;T025;T026;T027;T031;T034","SRC-SCOPE-REPORT;SRC-MAIN","SCOPE-2026-10-09","NO_NEW_BUSINESS_IMPLEMENTATION_AUTHORIZATION"
"N34","创作资产版本与全过程来源链","SRC-PLAN:L371","新增","CORE_RETAINED","PARTIAL","资源 ID/Owner、画布旧写检测、工作流包、B03 引擎可复用","受管理业务版本/来源/发布契约未完整实现；应用 Release 不等业务版本","按唯一路线图；仅范围/契约文档草案，业务实施另批","N31:source_workflow_reuse;N33:basic_delivery_quality","B02;B03;B17(minimal)","N34->N33 direct removed;N34->N31 indirect removed;whole B20 prerequisite reduced to adapter contract","BR-OWN-01;BR-PUB-01;BR-AST-01;BR-AST-02;BR-COST-01;BR-DATA-01;BR-CLASS-01;BR-DER-01;BR-DEL-01","T025;T026;T027;T028;T029;T030;T031;T032;T033;T034;T035;T036;T037;T038;T039;T040;T041;T042;T043;T044;T045;T046;T047;T048;T049;T050;T051;T052;T053;T054;T055;T056;T057;T058;T059;T060;T061;T062;T063;T064;T065;T066;T067;T068;T069;T070;T071;T072;T073;T074;T075;T076;T077;T078;T079;T080;T081;T091;T092;T093;T094;T095","SRC-SCOPE-REPORT;SRC-MAIN","SCOPE-2026-10-09","NO_NEW_BUSINESS_IMPLEMENTATION_AUTHORIZATION"
"N35","产品业务信息与运营反馈闭环","SRC-PLAN:L383","新增","INDEPENDENT_PRODUCT_OUT","NOT_VERIFIED","保留已有项目必要字段、历史任务与费用事实","不开发独立运营反馈/效果归因产品","按唯一路线图；仅范围/契约文档草案，业务实施另批","","","","","","SRC-SCOPE-REPORT;SRC-MAIN","SCOPE-2026-10-09","NO_NEW_BUSINESS_IMPLEMENTATION_AUTHORIZATION"
"N36","新员工上手与效率／成本／质量评价","SRC-PLAN:L395","新增","INDEPENDENT_PRODUCT_OUT","NOT_VERIFIED","离职/调岗权限安全、责任和真实费用仍保留","不开发 onboarding/效率成本质量评价产品","按唯一路线图；仅范围/契约文档草案，业务实施另批","B15;B16;N29;N34","","","BR-OWN-01;BR-WRK-01;BR-COST-01","","SRC-SCOPE-REPORT;SRC-MAIN","SCOPE-2026-10-09","NO_NEW_BUSINESS_IMPLEMENTATION_AUTHORIZATION"
"N37","多模态与跨工具资产联通","SRC-PLAN:L407","新增，承接 B20","CORE_RETAINED","PARTIAL","现有 Connector 与 classic/smart/assets/workflow 接口可复用","企业认证、工作版本回写、幂等/冲突、许可及恢复未交付","按唯一路线图；仅范围/契约文档草案，业务实施另批","B20:existing_connectors","B02;B03;B17(minimal);N34(minimal);B20(adapter);N29(optional work context);B13/B14/B16(paid execution only)","no dependency on independent N31/N33","BR-AST-01;BR-AST-02;BR-AI-01;BR-COST-01;BR-DATA-01;BR-CLASS-01;BR-DER-01;BR-OWN-01;BR-PRO-01;BR-DEL-01;BR-UPD-01","T004;T013;T023;T024;T026;T027;T028;T029;T030;T031;T032;T033;T035;T037;T040;T044;T049;T050;T051;T052;T053;T054;T055;T056;T057;T058;T059;T060;T061;T064;T071;T072;T073;T075;T076;T079;T081;T085;T086;T087;T088;T089;T090;T091;T092;T094;T096;T097;T098;T099;T103","tools/photoshop-asset-connector;main.py @ main a5a6aa10b7882c46f129ec6df854239ee111da18","SCOPE-2026-10-09","NO_NEW_BUSINESS_IMPLEMENTATION_AUTHORIZATION"
