"id","original_requirement","original_decision_status","confirmation_status","implementation_status","verified_scope_and_gap","bn_ids","decision_refs","original_test_ids","test_ids","draft_refs","source_ref","implementation_authorization"
"BR-OWN-01","个人Owner+业务成果双层归属","CONFIRMED","CONFIRMED","PARTIAL","技术 Owner 基础已实现；正式部门管理方与离职持续引用未完整","B02;B15;B17;N29;N34","DEC-003;DEC-008;DEC-019","T022;T038;T039","T001;T002;T003;T004;T005;T006;T007;T008;T019;T022;T038;T039;T067;T068;T069","DRAFT-N37-LINEAGE","SRC-PACK:04-GOVERNANCE/TRACEABILITY-MATRIX.csv;SRC-SCOPE-REPORT;SRC-MAIN","NO_NEW_BUSINESS_IMPLEMENTATION_AUTHORIZATION"
"BR-PRO-01","项目默认private或department_readonly","CONFIRMED","CONFIRMED","PARTIAL","个人私有/Owner 基础已实现；department_readonly 未完整","B02;B15;N29;N30(retained readonly only)","DEC-002;DEC-008;SCOPE-2026-10-09","T009;T010;T011;T014","T001;T002;T003;T004;T005;T006;T007;T008;T009;T010;T011;T012;T013;T014;T015;T016;T087;T088;T089;T090","DRAFT-N37-AUTH","SRC-PACK:04-GOVERNANCE/TRACEABILITY-MATRIX.csv;SRC-SCOPE-REPORT;SRC-MAIN","NO_NEW_BUSINESS_IMPLEMENTATION_AUTHORIZATION"
"BR-PUB-01","验收后由负责人发布具体版本；部门成员自主派生","CONFIRMED","CONFIRMED","NOT_IMPLEMENTED","具体验收版本的负责人确认发布/本部门复用闭环未实现","B02;B17;N29;N34","DEC-006;DEC-007;DEC-015;DEC-021","T042;T043;T046","T013;T034;T042;T043;T044;T045;T046;T047;T048;T060","","SRC-PACK:04-GOVERNANCE/TRACEABILITY-MATRIX.csv;SRC-SCOPE-REPORT;SRC-MAIN","NO_NEW_BUSINESS_IMPLEMENTATION_AUTHORIZATION"
"BR-AST-01","冻结交付版本；正式版本不覆盖","CONFIRMED-PRINCIPLE/PROPOSED-MECHANICS","PARTIALLY_CONFIRMED","PARTIAL","资源/画布基础可复用；业务正式版本和 writeback 未实现","B03;B17;N34;N37","DEC-005;DEC-017;SCOPE-2026-10-09","T028;T034;T035;T037","T023;T024;T028;T029;T030;T034;T035;T036;T037;T038;T039;T045;T053;T054;T058;T059;T061;T091;T092;T093;T094","DRAFT-N37-SOURCE;DRAFT-N37-DERIVE;DRAFT-N37-PS-WRITEBACK;DRAFT-N37-IDEMPOTENCY;DRAFT-N37-CONFLICT;DRAFT-N37-LINEAGE;DRAFT-N37-CAPABILITY","SRC-PACK:04-GOVERNANCE/TRACEABILITY-MATRIX.csv;SRC-SCOPE-REPORT;SRC-MAIN","NO_NEW_BUSINESS_IMPLEMENTATION_AUTHORIZATION"
"BR-AST-02","派生不提升私人来源资源访问权","CONFIRMED-BOUNDARY","CONFIRMED","PARTIAL","既有个人资源隔离已实现；新部门版本与工具操作矩阵需增量","B02;B15;B17;N29;N34;N37","DEC-008;DEC-013;DEC-021","T013;T033;T046;T061","T001;T004;T005;T006;T007;T008;T009;T010;T011;T012;T013;T014;T015;T016;T021;T022;T033;T040;T041;T042;T044;T046;T047;T048;T049;T050;T051;T052;T053;T054;T056;T057;T058;T059;T061;T079;T087;T088;T089;T090;T103","DRAFT-N37-AUTH;DRAFT-N37-SOURCE;DRAFT-N37-DERIVE;DRAFT-N37-CONFLICT;DRAFT-N37-LICENSE","SRC-PACK:04-GOVERNANCE/TRACEABILITY-MATRIX.csv;SRC-SCOPE-REPORT;SRC-MAIN","NO_NEW_BUSINESS_IMPLEMENTATION_AUTHORIZATION"
"BR-WRK-01","工作任务与AI执行任务分离","PROPOSED","PARTIALLY_CONFIRMED","PARTIAL","N29 方向确认；WorkItem 与 AIJob 分离要求保留，字段/状态未批准","B14;B15;N29;N33(retained quality only)","DEC-011;SCOPE-2026-10-09","T017;T019;T020","T017;T018;T019;T020;T021;T022;T023;T024;T067;T068;T069","","SRC-PACK:04-GOVERNANCE/TRACEABILITY-MATRIX.csv;SRC-SCOPE-REPORT;SRC-MAIN","NO_NEW_BUSINESS_IMPLEMENTATION_AUTHORIZATION"
"BR-AI-01","持久受理；未知不能自动再付费提交","PROJECT-BASELINE","PROJECT_BASELINE","PARTIAL","journal/部分查询已实现；统一 UNKNOWN/Attempt/结算恢复未完整，#123未合并","B11;B13;B14;N37(paid path only)","DEC-009;DEC-010","T075;T082;T085;T086","T020;T056;T066;T075;T076;T077;T080;T082;T083;T084;T085;T086;T099;T103","DRAFT-N37-IDEMPOTENCY;DRAFT-N37-COST","SRC-PACK:04-GOVERNANCE/TRACEABILITY-MATRIX.csv;SRC-SCOPE-REPORT;SRC-MAIN","NO_NEW_BUSINESS_IMPLEMENTATION_AUTHORIZATION"
"BR-COST-01","单次结算事实去重、发生时快照","CONFIRMED-PRINCIPLE/PROJECT-BASELINE","PARTIALLY_CONFIRMED","PARTIAL","发生时/去重原则确认；usage_logs 不是 CostLedger，预算政策未批","B14;B15;B16;N29;N34;N37(paid path only)","DEC-009;DEC-016;DEC-018","T070;T072;T073;T077;T078","T019;T055;T056;T066;T068;T070;T071;T072;T073;T074;T075;T076;T077;T078;T079;T080;T081;T089;T103","DRAFT-N37-IDEMPOTENCY;DRAFT-N37-COST;DRAFT-N37-LINEAGE","SRC-PACK:04-GOVERNANCE/TRACEABILITY-MATRIX.csv;SRC-SCOPE-REPORT;SRC-MAIN","NO_NEW_BUSINESS_IMPLEMENTATION_AUTHORIZATION"
"BR-DATA-01","业务删除、发布撤回、物理文件清理分离","PROPOSED-SAFETY","PARTIALLY_CONFIRMED","PARTIAL","保留引用/不丢新写入安全边界；完整业务撤回/引用/GC 未实现","B03;B08;B17;B23;N34;N37","DEC-014;DEC-017;DEC-020","T038;T065;T091;T092","T029;T030;T038;T039;T040;T041;T062;T063;T064;T065;T066;T067;T069;T091;T092;T093;T094;T095","DRAFT-N37-RECOVERY","SRC-PACK:04-GOVERNANCE/TRACEABILITY-MATRIX.csv;SRC-SCOPE-REPORT;SRC-MAIN","NO_NEW_BUSINESS_IMPLEMENTATION_AUTHORIZATION"
"BR-UPD-01","每个新Schema随迁移恢复到达旧安装","PROJECT-BASELINE","PROJECT_BASELINE","PARTIAL","B03/更新引擎已接线；#148真实目标启动/源恢复仍失败","B03;B05;B06;B07;B08;B09;B10;B11;B27","DEC-010;SRC-ENGINEERING","T096;T097;T098;T100","T096;T097;T098;T099;T100;T101","DRAFT-N37-RECOVERY","SRC-PACK:04-GOVERNANCE/TRACEABILITY-MATRIX.csv;SRC-SCOPE-REPORT;SRC-MAIN","NO_NEW_BUSINESS_IMPLEMENTATION_AUTHORIZATION"
"BR-CLASS-01","G0-G3保密分类和降级治理","PROPOSED","PENDING_CONFIRMATION","NOT_IMPLEMENTED","许可/保密限制保留；G0-G3及降级制度未批准","B02;B15;B17;N34;N37","DEC-013;DEC-015;DEC-021","T049;T050;T051","T032;T049;T050;T051;T052;T057;T062;T063;T064;T065;T081","DRAFT-N37-LICENSE","SRC-PACK:04-GOVERNANCE/TRACEABILITY-MATRIX.csv;SRC-SCOPE-REPORT;SRC-MAIN","NO_NEW_BUSINESS_IMPLEMENTATION_AUTHORIZATION"
"BR-DER-01","部门已发布源文件派生不逐人审批","CONFIRMED","CONFIRMED","NOT_IMPLEMENTED","负责人确认发布后本部门自主派生已确认；新版合同闭环尚未实现","B02;B15;B17;N29;N34;N37","DEC-006;DEC-007;DEC-021","T053;T054;T055","T002;T003;T013;T043;T053;T054;T055;T056;T057;T058;T059;T060;T061","DRAFT-N37-DERIVE;DRAFT-N37-LICENSE","SRC-PACK:04-GOVERNANCE/TRACEABILITY-MATRIX.csv;SRC-SCOPE-REPORT;SRC-MAIN","NO_NEW_BUSINESS_IMPLEMENTATION_AUTHORIZATION"
"BR-DEL-01","成品必交、源文件按任务要求A/B/C","CONFIRMED-PRINCIPLE/PROPOSED-TAXONOMY","PARTIALLY_CONFIRMED","PARTIAL","成品与按任务要求源文件确认；A/B/C、R1-R4未批准，版本验收待实现","B17;N29;N34;N33(retained quality only)","DEC-004;DEC-011;DEC-012","T025;T026;T027","T021;T023;T024;T025;T026;T027;T028;T029;T030;T031;T032;T033;T034","DRAFT-N37-PS-WRITEBACK;DRAFT-N37-CAPABILITY","SRC-PACK:04-GOVERNANCE/TRACEABILITY-MATRIX.csv;SRC-SCOPE-REPORT;SRC-MAIN","NO_NEW_BUSINESS_IMPLEMENTATION_AUTHORIZATION"
"BR-SYS-01","Windows长期更新和模块化演进","PROJECT-BASELINE","PROJECT_BASELINE","PARTIAL","Windows/模块化单体与交付基础已存在；完整阶段3及后续工程未收口","B01;B04;B05;B06;B07;B08;B09;B10;B18;B19;B20;B21;B22;B23;B24;B25;B26;B27","DEC-010;DEC-020","T096;T099;T102;T104","T095;T096;T097;T098;T099;T100;T101;T102;T103;T104","","SRC-PACK:04-GOVERNANCE/TRACEABILITY-MATRIX.csv;SRC-SCOPE-REPORT;SRC-MAIN","NO_NEW_BUSINESS_IMPLEMENTATION_AUTHORIZATION"
